{
  "files": [
    {
      "filepath": "/Users/zirkelc/Code/ai-filter-stream/src/pipe-ui-message-stream.bench.ts",
      "groups": [
        {
          "fullName": "src/pipe-ui-message-stream.bench.ts > pipeUIMessageStream overhead",
          "benchmarks": [
            {
              "id": "1389906688_0_0",
              "name": "baseline - raw stream iteration",
              "rank": 1,
              "rme": 0.5156652840995468,
              "samples": [],
              "totalTime": 500.0136579999949,
              "min": 0.19137499999999363,
              "max": 0.7438329999999951,
              "hz": 4791.869105303568,
              "period": 0.20868683555926332,
              "mean": 0.20868683555926332,
              "variance": 0.0007222716480397886,
              "sd": 0.026875112056320597,
              "sem": 0.0005490436548290966,
              "df": 2395,
              "critical": 1.96,
              "moe": 0.0010761255634650292,
              "p75": 0.20616599999993923,
              "p99": 0.30199999999990723,
              "p995": 0.3242079999999987,
              "p999": 0.4070830000000001,
              "sampleCount": 2396,
              "median": 0.20004149999999754
            },
            {
              "id": "1389906688_0_1",
              "name": "empty pipeline",
              "rank": 2,
              "rme": 1.1356706242097594,
              "samples": [],
              "totalTime": 500.56624599999975,
              "min": 1.2127920000000358,
              "max": 2.6481659999999465,
              "hz": 747.1538542373074,
              "period": 1.3384124224598923,
              "mean": 1.3384124224598923,
              "variance": 0.02249283315307688,
              "sd": 0.14997610860759417,
              "sem": 0.0077550799554342974,
              "df": 373,
              "critical": 1.96,
              "moe": 0.015199956712651223,
              "p75": 1.3729169999999158,
              "p99": 2.0932500000001255,
              "p995": 2.2628330000000005,
              "p999": 2.6481659999999465,
              "sampleCount": 374,
              "median": 1.310563000000002
            },
            {
              "id": "1389906688_0_2",
              "name": "1x map",
              "rank": 3,
              "rme": 1.3933572955173925,
              "samples": [],
              "totalTime": 500.43965800000115,
              "min": 3.2956249999999727,
              "max": 5.762666999999965,
              "hz": 275.7575219987855,
              "period": 3.6263743333333416,
              "mean": 3.6263743333333416,
              "variance": 0.09171433044801562,
              "sd": 0.3028437393244503,
              "sem": 0.025779771089933838,
              "df": 137,
              "critical": 1.96,
              "moe": 0.05052835133627032,
              "p75": 3.6905830000000606,
              "p99": 5.242707999999993,
              "p995": 5.762666999999965,
              "p999": 5.762666999999965,
              "sampleCount": 138,
              "median": 3.5767080000000533
            },
            {
              "id": "1389906688_0_3",
              "name": "2x map",
              "rank": 4,
              "rme": 1.2502699716112904,
              "samples": [],
              "totalTime": 501.651546999999,
              "min": 5.534042000000227,
              "max": 7.666915999999674,
              "hz": 169.44032268677557,
              "period": 5.9017829058823414,
              "mean": 5.9017829058823414,
              "variance": 0.11700670910301379,
              "sd": 0.34206243451015456,
              "sem": 0.03710188026042596,
              "df": 84,
              "critical": 1.9888,
              "moe": 0.07378821946193515,
              "p75": 5.993083999999726,
              "p99": 7.666915999999674,
              "p995": 7.666915999999674,
              "p999": 7.666915999999674,
              "sampleCount": 85,
              "median": 5.825874999999996
            },
            {
              "id": "1389906688_0_4",
              "name": "5x map",
              "rank": 5,
              "rme": 1.7625971879429732,
              "samples": [],
              "totalTime": 508.7861649999995,
              "min": 12.772832999999991,
              "max": 17.332625000000007,
              "hz": 74.68756545296398,
              "period": 13.389109605263146,
              "mean": 13.389109605263146,
              "variance": 0.5149405531915026,
              "sd": 0.7175935849709796,
              "sem": 0.11640905114831092,
              "df": 37,
              "critical": 2.0273,
              "moe": 0.23599606939297071,
              "p75": 13.539582999999766,
              "p99": 17.332625000000007,
              "p995": 17.332625000000007,
              "p999": 17.332625000000007,
              "sampleCount": 38,
              "median": 13.251708000000008
            },
            {
              "id": "1389906688_0_5",
              "name": "10x map",
              "rank": 6,
              "rme": 19.960399019610552,
              "samples": [],
              "totalTime": 525.9202080000005,
              "min": 25.904417000000194,
              "max": 74.7627910000001,
              "hz": 32.32429509535025,
              "period": 30.93648282352944,
              "mean": 30.93648282352944,
              "variance": 144.23063362148454,
              "sd": 12.009605889515464,
              "sem": 2.9127572708536587,
              "df": 16,
              "critical": 2.12,
              "moe": 6.175045414209757,
              "p75": 27.42470800000001,
              "p99": 74.7627910000001,
              "p995": 74.7627910000001,
              "p999": 74.7627910000001,
              "sampleCount": 17,
              "median": 26.913750000000164
            }
          ]
        }
      ]
    }
  ]
}
