{
  "files": [
    {
      "filepath": "/Users/zirkelc/Code/ai-filter-stream.worktrees/utils/src/internal/fast-read-ui-message-stream.bench.ts",
      "groups": [
        {
          "fullName": "src/internal/fast-read-ui-message-stream.bench.ts > fastReadUIMessageStream vs AI SDK readUIMessageStream > small text stream (100 deltas)",
          "benchmarks": [
            {
              "id": "-1710556167_0_0_0",
              "name": "AI SDK readUIMessageStream",
              "rank": 3,
              "rme": 1.496578248675172,
              "samples": [],
              "totalTime": 500.10625399999805,
              "min": 0.5142079999999396,
              "max": 4.005374999999958,
              "hz": 1743.6294647897032,
              "period": 0.573516346330273,
              "mean": 0.573516346330273,
              "variance": 0.016722253441209242,
              "sd": 0.12931455231801733,
              "sem": 0.004379143312130324,
              "df": 871,
              "critical": 1.96,
              "moe": 0.008583120891775434,
              "p75": 0.5922499999999786,
              "p99": 0.7472910000000184,
              "p995": 0.8012500000000387,
              "p999": 4.005374999999958,
              "sampleCount": 872,
              "median": 0.548270500000001
            },
            {
              "id": "-1710556167_0_0_1",
              "name": "fastReadUIMessageStream",
              "rank": 2,
              "rme": 0.38490739416337705,
              "samples": [],
              "totalTime": 500.25748599999827,
              "min": 0.30912499999999454,
              "max": 0.5465000000000373,
              "hz": 3016.446614454072,
              "period": 0.3315158952948961,
              "mean": 0.3315158952948961,
              "variance": 0.0006395850712570425,
              "sd": 0.0252900192023858,
              "sem": 0.000651035302967844,
              "df": 1508,
              "critical": 1.96,
              "moe": 0.0012760291938169741,
              "p75": 0.33162499999980355,
              "p99": 0.45654100000001563,
              "p995": 0.48058400000002166,
              "p999": 0.5279999999997926,
              "sampleCount": 1509,
              "median": 0.32470899999998437
            },
            {
              "id": "-1710556167_0_0_2",
              "name": "fastReadUIMessageStream (no clone)",
              "rank": 1,
              "rme": 0.4676858463865674,
              "samples": [],
              "totalTime": 500.0044360000086,
              "min": 0.029499999999870852,
              "max": 0.20199999999999818,
              "hz": 30641.728146587357,
              "period": 0.03263523503687805,
              "mean": 0.03263523503687805,
              "variance": 0.00009290881341294065,
              "sd": 0.009638921797220925,
              "sem": 0.0000778726404094228,
              "df": 15320,
              "critical": 1.96,
              "moe": 0.00015263037520246868,
              "p75": 0.031791999999995824,
              "p99": 0.09012499999994361,
              "p995": 0.1122090000001208,
              "p999": 0.14987500000006548,
              "sampleCount": 15321,
              "median": 0.03099999999994907
            }
          ]
        },
        {
          "fullName": "src/internal/fast-read-ui-message-stream.bench.ts > fastReadUIMessageStream vs AI SDK readUIMessageStream > medium text stream (1,000 deltas)",
          "benchmarks": [
            {
              "id": "-1710556167_0_1_0",
              "name": "AI SDK readUIMessageStream",
              "rank": 3,
              "rme": 13.788155732463187,
              "samples": [],
              "totalTime": 502.70562399999926,
              "min": 5.541874999999891,
              "max": 39.70729200000005,
              "hz": 143.22497414510744,
              "period": 6.982022555555545,
              "mean": 6.982022555555545,
              "variance": 16.774101632494702,
              "sd": 4.095619810540854,
              "sem": 0.48267342353256687,
              "df": 71,
              "critical": 1.9945,
              "moe": 0.9626921432357046,
              "p75": 6.855250000000069,
              "p99": 39.70729200000005,
              "p995": 39.70729200000005,
              "p999": 39.70729200000005,
              "sampleCount": 72,
              "median": 6.1912499999998545
            },
            {
              "id": "-1710556167_0_1_1",
              "name": "fastReadUIMessageStream",
              "rank": 2,
              "rme": 3.9406589960537954,
              "samples": [],
              "totalTime": 502.37442299999884,
              "min": 3.384875000000193,
              "max": 10.282292000000325,
              "hz": 250.80894693558133,
              "period": 3.987098595238086,
              "mean": 3.987098595238086,
              "variance": 0.809673756216032,
              "sd": 0.8998187351995023,
              "sem": 0.08016222422182864,
              "df": 125,
              "critical": 1.96,
              "moe": 0.15711795947478413,
              "p75": 4.077541999999994,
              "p99": 8.38733400000001,
              "p995": 10.282292000000325,
              "p999": 10.282292000000325,
              "sampleCount": 126,
              "median": 3.7215415000000576
            },
            {
              "id": "-1710556167_0_1_2",
              "name": "fastReadUIMessageStream (no clone)",
              "rank": 1,
              "rme": 0.6939130086640863,
              "samples": [],
              "totalTime": 500.42386799999167,
              "min": 0.2797080000000278,
              "max": 0.7412080000003698,
              "hz": 3289.2116169007895,
              "period": 0.30402422114215777,
              "mean": 0.30402422114215777,
              "variance": 0.001906971118900396,
              "sd": 0.043668880440199016,
              "sem": 0.0010763589897934197,
              "df": 1645,
              "critical": 1.96,
              "moe": 0.0021096636199951025,
              "p75": 0.3037500000000364,
              "p99": 0.5492919999996957,
              "p995": 0.6047499999999673,
              "p999": 0.6664580000001479,
              "sampleCount": 1646,
              "median": 0.2945409999997537
            }
          ]
        },
        {
          "fullName": "src/internal/fast-read-ui-message-stream.bench.ts > fastReadUIMessageStream vs AI SDK readUIMessageStream > large text stream (5,000 deltas)",
          "benchmarks": [
            {
              "id": "-1710556167_0_2_0",
              "name": "AI SDK readUIMessageStream",
              "rank": 3,
              "rme": 12.994080777363468,
              "samples": [],
              "totalTime": 635.5420820000018,
              "min": 54.523459,
              "max": 86.8695830000006,
              "hz": 15.734599302269292,
              "period": 63.554208200000176,
              "mean": 63.554208200000176,
              "variance": 133.2890731384383,
              "sd": 11.54508870206021,
              "sem": 3.6508776087187353,
              "df": 9,
              "critical": 2.262,
              "moe": 8.258285150921779,
              "p75": 68.56204099999923,
              "p99": 86.8695830000006,
              "p995": 86.8695830000006,
              "p999": 86.8695830000006,
              "sampleCount": 10,
              "median": 58.62797900000032
            },
            {
              "id": "-1710556167_0_2_1",
              "name": "fastReadUIMessageStream",
              "rank": 2,
              "rme": 7.282603105656212,
              "samples": [],
              "totalTime": 513.8122090000024,
              "min": 37.6180830000003,
              "max": 54.0219589999997,
              "hz": 23.354836241347357,
              "period": 42.81768408333354,
              "mean": 42.81768408333354,
              "variance": 24.08578426104176,
              "sd": 4.907726995365753,
              "sem": 1.4167387509418055,