{
  "files": [
    {
      "filepath": "/Users/zirkelc/Code/ai-filter-stream/src/utils/fast-read-ui-message-stream.bench.ts",
      "groups": [
        {
          "fullName": "src/utils/fast-read-ui-message-stream.bench.ts > fastReadUIMessageStream vs AI SDK readUIMessageStream > small text stream (100 deltas)",
          "benchmarks": [
            {
              "id": "1437195387_0_0_0",
              "name": "AI SDK readUIMessageStream",
              "rank": 3,
              "rme": 1.0264215160568035,
              "samples": [],
              "totalTime": 500.2392890000007,
              "min": 0.5215830000000778,
              "max": 1.6409170000000017,
              "hz": 1669.2011570486595,
              "period": 0.5990889688622764,
              "mean": 0.5990889688622764,
              "variance": 0.008218801150847952,
              "sd": 0.09065760393286353,
              "sem": 0.0031373357534312495,
              "df": 834,
              "critical": 1.96,
              "moe": 0.0061491780767252485,
              "p75": 0.624416999999994,
              "p99": 0.9044589999999744,
              "p995": 1.065458000000035,
              "p999": 1.6409170000000017,
              "sampleCount": 835,
              "median": 0.5661670000000072
            },
            {
              "id": "1437195387_0_0_1",
              "name": "fastReadUIMessageStream",
              "rank": 2,
              "rme": 1.8808868339381164,
              "samples": [],
              "totalTime": 500.0357369999987,
              "min": 0.22408299999995052,
              "max": 2.4812500000000455,
              "hz": 3785.7294187755324,
              "period": 0.26414988748018947,
              "mean": 0.26414988748018947,
              "variance": 0.012163670978299675,
              "sd": 0.1102890338079887,
              "sem": 0.0025348777834067514,
              "df": 1892,
              "critical": 1.96,
              "moe": 0.004968360455477233,
              "p75": 0.2499159999999847,
              "p99": 0.782790999999861,
              "p995": 0.9435840000001008,
              "p999": 1.9732500000000073,
              "sampleCount": 1893,
              "median": 0.23937499999988177
            },
            {
              "id": "1437195387_0_0_2",
              "name": "fastReadUIMessageStream (no clone)",
              "rank": 1,
              "rme": 0.6161907822820499,
              "samples": [],
              "totalTime": 500.0043439999886,
              "min": 0.029250000000047294,
              "max": 0.4026249999999436,
              "hz": 30369.73614773304,
              "period": 0.03292751689166866,
              "mean": 0.03292751689166866,
              "variance": 0.00016272377493413868,
              "sd": 0.01275632293939514,
              "sem": 0.00010351853261266696,
              "df": 15184,
              "critical": 1.96,
              "moe": 0.00020289632392082724,
              "p75": 0.031833000000005995,
              "p99": 0.10316699999998491,
              "p995": 0.12662500000010368,
              "p999": 0.1895830000000842,
              "sampleCount": 15185,
              "median": 0.030874999999923602
            }
          ]
        },
        {
          "fullName": "src/utils/fast-read-ui-message-stream.bench.ts > fastReadUIMessageStream vs AI SDK readUIMessageStream > medium text stream (1,000 deltas)",
          "benchmarks": [
            {
              "id": "1437195387_0_1_0",
              "name": "AI SDK readUIMessageStream",
              "rank": 3,
              "rme": 2.8282450125975442,
              "samples": [],
              "totalTime": 504.5675390000001,
              "min": 5.60445800000025,
              "max": 9.860917000000427,
              "hz": 156.56972336462567,
              "period": 6.3869308734177235,
              "mean": 6.3869308734177235,
              "variance": 0.6502839912734942,
              "sd": 0.8064018795076647,
              "sem": 0.0907272997918079,
              "df": 78,
              "critical": 1.991,
              "moe": 0.18063805388548954,
              "p75": 6.547958999999992,
              "p99": 9.860917000000427,
              "p995": 9.860917000000427,
              "p999": 9.860917000000427,
              "sampleCount": 79,
              "median": 6.186833000000206
            },
            {
              "id": "1437195387_0_1_1",
              "name": "fastReadUIMessageStream",
              "rank": 2,
              "rme": 4.183756748621432,
              "samples": [],
              "totalTime": 501.54949600000054,
              "min": 2.5571659999995973,
              "max": 9.472166000000016,
              "hz": 336.9557767435177,
              "period": 2.9677484970414234,
              "mean": 2.9677484970414234,
              "variance": 0.6782059586847204,
              "sd": 0.8235326093632969,
              "sem": 0.06334866225871515,
              "df": 168,
              "critical": 1.96,
              "moe": 0.12416337802708169,
              "p75": 3.0902499999997417,
              "p99": 7.3075840000001335,
              "p995": 9.472166000000016,
              "p999": 9.472166000000016,
              "sampleCount": 169,
              "median": 2.7301250000000437
            },
            {
              "id": "1437195387_0_1_2",
              "name": "fastReadUIMessageStream (no clone)",
              "rank": 1,
              "rme": 0.651525599630478,
              "samples": [],
              "totalTime": 500.25294800000984,
              "min": 0.2798330000000533,
              "max": 0.6593750000001819,
              "hz": 3314.3232971012244,
              "period": 0.3017207165259408,
              "mean": 0.3017207165259408,
              "variance": 0.0016678063134962326,
              "sd": 0.04083878442726023,
              "sem": 0.0010029529120178624,
              "df": 1657,
              "critical": 1.96,
              "moe": 0.0019657877075550103,
              "p75": 0.29899999999997817,
              "p99": 0.5174170000000231,
              "p995": 0.5346669999998994,
              "p999": 0.6547500000001492,
              "sampleCount": 1658,
              "median": 0.28987499999993815
            }
          ]
        },
        {
          "fullName": "src/utils/fast-read-ui-message-stream.bench.ts > fastReadUIMessageStream vs AI SDK readUIMessageStream > large text stream (5,000 deltas)",
          "benchmarks": [
            {
              "id": "1437195387_0_2_0",
              "name": "AI SDK readUIMessageStream",
              "rank": 3,
              "rme": 35.30934607582063,
              "samples": [],
              "totalTime": 967.5402509999994,
              "min": 61.39195899999959,
              "max": 218.83324999999968,
              "hz": 10.33548732434079,
              "period": 96.75402509999995,
              "mean": 96.75402509999995,
              "variance": 2281.0364783581435,
              "sd": 47.760197637343836,
              "sem": 15.103100603379902,
              "df": 9,
              "critical": 2.262,
              "moe": 34.163213564845336,
              "p75": 102.53541700000005,
              "p99": 218.83324999999968,
              "p995": 218.83324999999968,
              "p999": 218.83324999999968,
              "sampleCount": 10,
              "median": 82.93268750000016
            },
            {
              "id": "1437195387_0_2_1",
              "name": "fastReadUIMessageStream",
              "rank": 2,
              "rme": 11.429043458188614,
              "samples": [],
              "totalTime": 511.96641499999987,
              "min": 36.92012499999964,
              "max": 60.15312499999982,
              "hz": 21.485784375133285,
              "period": 46.54240136363635,
              "mean": 46.54240136363635,
              "variance": 62.70174888668369,
              "sd": 7.91844358991612,
              "sem": 2.387500573758783,
              "df": 10,