{
  "files": [
    {
      "filepath": "/Users/zirkelc/Code/ai-filter-stream/src/internal/fast-read-ui-message-stream.bench.ts",
      "groups": [
        {
          "fullName": "src/internal/fast-read-ui-message-stream.bench.ts > fastReadUIMessageStream vs AI SDK readUIMessageStream > small text stream (100 deltas)",
          "benchmarks": [
            {
              "id": "-1710556167_0_0_0",
              "name": "AI SDK readUIMessageStream",
              "rank": 3,
              "rme": 0.804008672430918,
              "samples": [],
              "totalTime": 500.0316870000016,
              "min": 0.5462499999999864,
              "max": 1.332290999999998,
              "hz": 1653.895186046474,
              "period": 0.6046332370012112,
              "mean": 0.6046332370012112,
              "variance": 0.005087434926435369,
              "sd": 0.07132625692152483,
              "sem": 0.002480256970351798,
              "df": 826,
              "critical": 1.96,
              "moe": 0.004861303661889524,
              "p75": 0.6250419999999508,
              "p99": 0.8497089999999616,
              "p995": 0.8840830000000324,
              "p999": 1.332290999999998,
              "sampleCount": 827,
              "median": 0.5752499999999827
            },
            {
              "id": "-1710556167_0_0_1",
              "name": "fastReadUIMessageStream",
              "rank": 2,
              "rme": 5.448725630678897,
              "samples": [],
              "totalTime": 500.19235400000423,
              "min": 0.32491699999991397,
              "max": 13.856750000000034,
              "hz": 2706.9586113665155,
              "period": 0.36941828212703415,
              "mean": 0.36941828212703415,
              "variance": 0.14280163167421062,
              "sd": 0.37789103148157754,
              "sem": 0.010269688072790504,
              "df": 1353,
              "critical": 1.96,
              "moe": 0.020128588622669388,
              "p75": 0.35225000000014006,
              "p99": 0.613416000000143,
              "p995": 0.9415420000000267,
              "p999": 2.5625420000000076,
              "sampleCount": 1354,
              "median": 0.3392704999999978
            },
            {
              "id": "-1710556167_0_0_2",
              "name": "fastReadUIMessageStream (no clone)",
              "rank": 1,
              "rme": 0.8555378727353211,
              "samples": [],
              "totalTime": 500.0179169999974,
              "min": 0.030540999999857377,
              "max": 1.1827080000000478,
              "hz": 28632.973966011054,
              "period": 0.03492476894600806,
              "mean": 0.03492476894600806,
              "variance": 0.00033272500828065716,
              "sd": 0.01824075130800969,
              "sem": 0.0001524462373971446,
              "df": 14316,
              "critical": 1.96,
              "moe": 0.0002987946252984034,
              "p75": 0.03304200000002311,
              "p99": 0.11154199999987213,
              "p995": 0.14199999999982538,
              "p999": 0.2194160000001375,
              "sampleCount": 14317,
              "median": 0.032042000000046755
            }
          ]
        },
        {
          "fullName": "src/internal/fast-read-ui-message-stream.bench.ts > fastReadUIMessageStream vs AI SDK readUIMessageStream > medium text stream (1,000 deltas)",
          "benchmarks": [
            {
              "id": "-1710556167_0_1_0",
              "name": "AI SDK readUIMessageStream",
              "rank": 3,
              "rme": 2.2271514165870405,
              "samples": [],
              "totalTime": 500.7654549999975,
              "min": 5.81091699999979,
              "max": 9.33245799999986,
              "hz": 155.7615430960596,
              "period": 6.420069935897404,
              "mean": 6.420069935897404,
              "variance": 0.40208047818752135,
              "sd": 0.6340981613185149,
              "sem": 0.07179747854542694,
              "df": 77,
              "critical": 1.9915,
              "moe": 0.14298467852321775,
              "p75": 6.518500000000131,
              "p99": 9.33245799999986,
              "p995": 9.33245799999986,
              "p999": 9.33245799999986,
              "sampleCount": 78,
              "median": 6.213499500000125
            },
            {
              "id": "-1710556167_0_1_1",
              "name": "fastReadUIMessageStream",
              "rank": 2,
              "rme": 7.379961734598998,
              "samples": [],
              "totalTime": 503.23516500000096,
              "min": 3.447708999999577,
              "max": 21.305166999999983,
              "hz": 244.41853144344506,
              "period": 4.091342804878057,
              "mean": 4.091342804878057,
              "variance": 2.9189921562341836,
              "sd": 1.708505825636595,
              "sem": 0.15405078236289282,
              "df": 122,
              "critical": 1.96,
              "moe": 0.30193953343126995,
              "p75": 4.063124999999673,
              "p99": 7.233915999999681,
              "p995": 21.305166999999983,
              "p999": 21.305166999999983,
              "sampleCount": 123,
              "median": 3.7494590000001153
            },
            {
              "id": "-1710556167_0_1_2",
              "name": "fastReadUIMessageStream (no clone)",
              "rank": 1,
              "rme": 0.7535975764779788,
              "samples": [],
              "totalTime": 500.2679100000114,
              "min": 0.2891669999999067,
              "max": 0.9002500000001419,
              "hz": 3224.27237037843,
              "period": 0.3101474953502861,
              "mean": 0.3101474953502861,
              "variance": 0.0022937060891368827,
              "sd": 0.047892651723796656,
              "sem": 0.0011924816369729121,
              "df": 1612,
              "critical": 1.96,
              "moe": 0.0023372640084669077,
              "p75": 0.30758300000024974,
              "p99": 0.5664999999999054,
              "p995": 0.6459169999998267,
              "p999": 0.8252079999997477,
              "sampleCount": 1613,
              "median": 0.2982499999998254
            }
          ]
        },
        {
          "fullName": "src/internal/fast-read-ui-message-stream.bench.ts > fastReadUIMessageStream vs AI SDK readUIMessageStream > large text stream (5,000 deltas)",
          "benchmarks": [
            {
              "id": "-1710556167_0_2_0",
              "name": "AI SDK readUIMessageStream",
              "rank": 3,
              "rme": 6.116061818691806,
              "samples": [],
              "totalTime": 603.3681679999991,
              "min": 53.87279199999921,
              "max": 68.31129200000032,
              "hz": 16.573628723482834,
              "period": 60.33681679999991,
              "mean": 60.33681679999991,
              "variance": 26.614806944311436,
              "sd": 5.158954055262698,
              "sem": 1.6314045158792296,
              "df": 9,
              "critical": 2.262,
              "moe": 3.6902370149188175,
              "p75": 63.726958999999624,
              "p99": 68.31129200000032,
              "p995": 68.31129200000032,
              "p999": 68.31129200000032,
              "sampleCount": 10,
              "median": 59.56489600000032
            },
            {
              "id": "-1710556167_0_2_1",
              "name": "fastReadUIMessageStream",
              "rank": 2,
              "rme": 3.841144252697884,
              "samples": [],
              "totalTime": 509.61766700000135,
              "min": 38.29583300000013,
              "max": 46.290750000000116,
              "hz": 23.547064352460858,
              "period": 42.46813891666678,
              "mean": 42.46813891666678,
              "variance": 6.591569780296603,
              "sd": 2.5674052621852677,
              "sem": 0.7411460596207631,
              "df": 11,